support,roll_deg,roll_time,lift_deg,lift_time,lift_offset,hold_time,return_time,success,ssp_duration_s,max_swing_clearance_mm,max_stance_slip_mm,peak_torque_nm,peak_torque_ratio,peak_speed_rad_s,peak_current_a,peak_total_leg_current_a,longest_over_rated_s,longest_over_2a_s,min_capture_margin_mm,max_torso_roll_deg,max_torso_pitch_deg,nonfoot_floor_contact,fell,score
right,12.0,0.15,15.0,0.2,0.0,0.08,0.3,True,0.21800000000000017,5.767115205180903,4.757194308853207,1.91229675,1.0,2.524994297580742,2.4375,5.205964270015538,1.382000000000001,0.8200000000000006,-54.70273868652774,5.553775646213799,2.428292305211408,False,False,87.97122276458725
left,11.0,0.15,15.0,0.2,-0.05,0.08,0.3,True,0.17600000000000013,4.693601542077569,3.811920104615546,1.91229675,1.0,2.53753271276776,2.4375,5.198502269821162,1.332000000000001,0.7600000000000006,-53.70161814149598,4.948207791850839,2.2725757385281864,False,False,70.13952266569302
right,11.0,0.15,15.0,0.2,-0.05,0.08,0.3,True,0.17800000000000013,4.593292061616669,4.7517735439045525,1.91229675,1.0,2.507941138824027,2.4375,5.268720095041082,1.332000000000001,0.7700000000000006,-53.43438813910637,4.852750815346434,1.792831039207033,False,False,67.17948994761521
left,14.0,0.15,10.0,0.2,0.0,0.08,0.3,True,0.09600000000000007,3.4994671512505042,4.446623855074247,1.91229675,1.0,2.438455882820438,2.4375,4.783800969184457,1.382000000000001,0.8200000000000006,-55.27441984281673,5.135342446500783,1.076671476513556,False,False,25.212438882204054
left,14.0,0.25,10.0,0.2,-0.05,0.08,0.3,True,0.09600000000000007,3.5325016596269436,4.536811324962373,1.91229675,1.0,2.0386971391990794,2.4375,4.70768462557322,1.432000000000001,0.8500000000000006,-55.021243334479564,5.121157323511351,0.8744499017392598,False,False,24.91775801940443
right,12.0,0.4,10.0,0.2,-0.05,0.08,0.3,True,0.08000000000000006,2.9927264374380176,2.308687990943709,1.91229675,1.0,1.838159096154696,2.4375,4.892888920397869,1.5820000000000012,0.9700000000000008,-50.32327900768137,4.31611405090179,0.9067368212719102,False,False,24.750700911101227
right,12.0,0.4,10.0,0.2,-0.1,0.08,0.3,True,0.08000000000000006,2.984937183261607,2.6709672452417177,1.91229675,1.0,1.8414642402196348,2.4375,4.861766340288925,1.5320000000000011,0.9200000000000007,-50.315940843949306,4.327329719674227,0.633186297247461,False,False,23.286005385556372
left,14.0,0.25,10.0,0.2,0.0,0.08,0.3,True,0.09400000000000007,3.42195820688182,4.652686456918278,1.91229675,1.0,2.0262254126625203,2.4375,4.838426158601187,1.482000000000001,0.9000000000000007,-54.893241956455064,5.231692605619835,1.0754714699748145,False,False,23.233170586090566
right,12.0,0.15,10.0,0.2,0.0,0.08,0.3,True,0.08000000000000006,2.9754921150310505,2.7494628586449443,1.91229675,1.0,2.051419480182346,2.4375,4.868135654565634,1.382000000000001,0.8200000000000006,-50.59129016648729,4.31786173181688,0.9940159160416376,False,False,22.953132795482354
right,11.0,0.15,10.0,0.2,-0.05,0.08,0.3,True,0.07400000000000005,2.721843651252151,2.34147095814669,1.91229675,1.0,1.736037220926725,2.4375,4.769008110569668,1.332000000000001,0.7700000000000006,-48.624154623921484,3.888102579770238,0.664951390029997,False,False,21.07780346991757
left,11.0,0.15,10.0,0.2,-0.05,0.08,0.3,True,0.07200000000000005,2.6832277096188877,2.0966575718687404,1.91229675,1.0,1.717124910595506,2.4375,4.759894280516596,1.332000000000001,0.7600000000000006,-48.88991821272072,3.972041783213035,0.8156794137469047,False,False,20.979825131762837
right,12.0,0.25,10.0,0.2,-0.05,0.08,0.3,True,0.08200000000000006,3.0346808707380353,3.638533942633022,1.91229675,1.0,1.8434526074893938,2.4375,4.8315502770964445,1.432000000000001,0.8500000000000006,-50.928524183346575,4.275751859555097,0.8739937919674131,False,False,20.515225970944016
right,11.0,0.15,10.0,0.2,0.0,0.08,0.3,True,0.07200000000000005,2.699165095994674,2.2696812169932055,1.91229675,1.0,1.7154560170231412,2.4375,4.906837759737481,1.382000000000001,0.8200000000000006,-48.25582761391334,3.89654446135028,0.9765128756765382,False,False,20.31960532401655
right,12.0,0.4,10.0,0.2,0.0,0.08,0.3,True,0.07800000000000006,2.9279365828348696,3.1956205880515336,1.91229675,1.0,1.8454220675635657,2.4375,4.939965398310812,1.6320000000000012,1.0200000000000007,-50.14387821738066,4.383292509957204,0.8097040763113792,False,False,20.073390813463632
right,11.0,0.4,10.0,0.2,-0.05,0.08,0.3,True,0.07200000000000005,2.735905097802041,2.3847996113403505,1.91229675,1.0,1.7100121734134195,2.4375,4.937039295490157,1.5820000000000012,0.9700000000000008,-48.23748528349038,3.8960659610127775,0.9396293865899651,False,False,19.932611750242707
right,11.0,0.25,10.0,0.2,-0.05,0.08,0.3,True,0.07400000000000005,2.714076599702922,2.823089868509064,1.91229675,1.0,1.751632401477917,2.4375,4.82132537407789,1.432000000000001,0.8500000000000006,-48.666867402361454,3.8859021197629553,0.7923541595797342,False,False,19.135793725369613
right,12.0,0.15,10.0,0.2,-0.05,0.08,0.3,True,0.07800000000000006,2.932030448814002,3.4466632196461107,1.91229675,1.0,2.054765801198869,2.4375,4.712361606138068,1.332000000000001,0.7700000000000006,-49.9662637616519,4.350851451619355,0.6635631955989372,False,False,19.077408019043595
right,11.0,0.25,10.0,0.2,-0.1,0.08,0.3,True,0.07200000000000005,2.7351971193762257,2.6168767780019464,1.91229675,1.0,1.7240052013715232,2.4375,4.789234328852784,1.382000000000001,0.8000000000000006,-47.85232274763074,3.9259469407273224,0.5791557971867896,False,False,19.00288712674469
left,11.0,0.15,10.0,0.2,0.0,0.08,0.3,True,0.06800000000000005,2.6282376157920897,2.107702413459721,1.91229675,1.0,1.722440847012358,2.4375,4.908538181303575,1.382000000000001,0.8200000000000006,-47.808521365022244,3.9774499292628525,1.1377325067408635,False,False,18.82566557774532
left,11.0,0.4,10.0,0.2,-0.05,0.08,0.3,True,0.06800000000000005,2.8813821003006863,2.250506976640671,1.91229675,1.0,1.718466954278556,2.4375,4.901473484767762,1.5820000000000012,0.9600000000000007,-47.703231844196125,3.9740168357172143,1.0148671776045586,False,False,18.76073629403871
right,12.0,0.25,10.0,0.2,0.0,0.08,0.3,True,0.08000000000000006,3.0257059776606505,4.011153000843569,1.91229675,1.0,1.8366215379660058,2.4375,4.905213460372844,1.482000000000001,0.9000000000000007,-50.694245310517154,4.3686975183703725,0.9470233359730068,False,False,18.006799951947052
right,12.0,0.25,10.0,0.2,-0.1,0.08,0.3,True,0.08000000000000006,2.965202086793725,4.0760199758022235,1.91229675,1.0,1.8555758339711208,2.4375,4.770457137914706,1.382000000000001,0.8000000000000006,-50.50991816071901,4.3517146411596235,0.6203605617563733,False,False,17.626324270378582
left,11.0,0.25,10.0,0.2,-0.05,0.08,0.3,True,0.07000000000000005,2.670369669987169,2.8463497793270713,1.91229675,1.0,1.7139916893950409,2.4375,4.816266336529716,1.432000000000001,0.8500000000000006,-48.088703985965765,3.9600376392095917,0.8733642759995681,False,False,16.955340222666077
right,11.0,0.25,10.0,0.2,0.0,0.08,0.3,True,0.07200000000000005,2.737457544518623,3.2924064567378117,1.91229675,1.0,1.7274721360877454,2.4375,4.9210226328031785,1.482000000000001,0.9000000000000007,-48.48240351942752,3.952862269312888,0.8778783589874062,False,False,16.305289262086028
right,11.0,0.15,10.0,0.2,-0.1,0.08,0.3,True,0.07200000000000005,2.7140920953511727,3.3086149585111926,1.91229675,1.0,1.9117357749782864,2.4375,5.149039959500953,1.282000000000001,0.7200000000000005,-48.21762718901034,3.945874505070496,0.6099421852894049,False,False,16.193724356657604
left,11.0,0.25,10.0,0.2,0.0,0.08,0.3,True,0.06800000000000005,2.6049580680193585,2.7579454075500767,1.91229675,1.0,1.7215935100363224,2.4375,4.941193077146061,1.482000000000001,0.9000000000000007,-48.04539137596908,4.018090888164628,1.129959311695075,False,False,16.17813450583843
right,11.0,0.4,10.0,0.2,0.0,0.08,0.3,True,0.07000000000000005,2.62407329558155,3.1326755705154214,1.91229675,1.0,1.7440529870690136,2.4375,4.964290155833283,1.6320000000000012,1.0200000000000007,-47.934210314742764,3.975319690159719,0.8362400872391742,False,False,15.717444309101435
left,11.0,0.15,10.0,0.2,-0.1,0.08,0.3,True,0.07000000000000005,2.6399335948737166,3.192593888174783,1.91229675,1.0,1.7687406483392298,2.4375,5.213968305143166,1.282000000000001,0.7200000000000005,-48.23132073537738,4.026701628154086,0.6557357314680269,False,False,15.509491637048324
left,11.0,0.4,10.0,0.2,-0.1,0.08,0.3,True,0.07000000000000005,2.649421729741655,3.3322775528785895,1.91229675,1.0,1.7194466213859856,2.4375,4.819784543234156,1.5320000000000011,0.9100000000000007,-48.260465416205584,4.019895821454076,0.6494004286535993,False,False,14.969733247968971
right,12.0,0.15,10.0,0.2,-0.1,0.08,0.3,True,0.07800000000000006,2.9643119835840586,4.501352401725588,1.91229675,1.0,2.157113461021585,2.4375,4.985669726129871,1.282000000000001,0.7200000000000005,-49.684508674714984,4.363408404085953,0.6197044824693668,False,False,14.923214360265792
right,11.0,0.4,10.0,0.2,-0.1,0.08,0.3,True,0.07200000000000005,2.710172847868328,3.7003515619882763,1.91229675,1.0,1.7226738367777852,2.4375,4.814732733567955,1.5320000000000011,0.9200000000000007,-48.09694096313014,3.933572748361042,0.586404427659462,False,False,14.618939447783582
left,11.0,0.4,10.0,0.2,0.0,0.08,0.3,True,0.06600000000000004,2.5472391322271806,2.8890643963586022,1.91229675,1.0,1.7185929123412826,2.4375,4.940980379194523,1.6320000000000012,1.0100000000000007,-47.48154220336705,4.047298196327182,0.9636212113582513,False,False,14.538220679019972
left,11.0,0.25,10.0,0.2,-0.1,0.08,0.3,True,0.07000000000000005,2.6502550151838307,3.6125543800672677,1.91229675,1.0,1.720644267015509,2.4375,4.830217212474369,1.382000000000001,0.8000000000000006,-48.180167540064154,4.016957911725639,0.6544999854545025,False,False,13.850292510098612
right,7.0,0.4,15.0,0.2,-0.05,0.08,0.3,True,0.07600000000000005,2.5909789519457798,4.817190748289987,1.91229675,1.0,2.506960974655197,2.4375,5.386334958753376,1.5820000000000012,1.1500000000000008,-40.04728150939943,2.6611972906748704,1.3222028287820147,False,False,11.913194910731637
right,7.0,0.25,15.0,0.2,0.0,0.08,0.3,True,0.07400000000000005,2.5935424592127276,4.801326816813444,1.91229675,1.0,2.5103217087874894,2.4375,5.390648195208551,1.482000000000001,1.0960000000000008,-40.20967837042985,2.652286873306154,1.3720338737785804,False,False,10.981777651171708
right,9.0,0.15,10.0,0.2,-0.05,0.08,0.3,True,0.05000000000000003,2.327127098148793,1.8006275971472723,1.91229675,1.0,1.6939067337438234,2.4375,4.818359803472862,1.332000000000001,0.7700000000000006,-42.182454045002274,3.079189120102521,0.5490563486529921,False,False,10.45174380770851
left,16.0,0.15,15.0,0.2,-0.05,0.08,0.3,False,0.4220000000000003,19.625056379312333,20.135183124230178,1.91229675,1.0,2.501040991289735,2.4375,4.721823238636467,1.332000000000001,0.7800000000000006,-74.30282873541367,10.102781550203805,2.785232257539597,False,False,128.45926750307945
left,16.0,0.15,15.0,0.2,0.0,0.08,0.3,False,0.4220000000000003,19.593699939650016,20.143505978070877,1.91229675,1.0,2.4974941534219877,2.4375,4.715861777247245,1.382000000000001,0.8300000000000006,-74.5017054548305,10.132237820487255,2.971173309798708,False,False,128.42597608771666
left,16.0,0.25,15.0,0.2,-0.05,0.08,0.3,False,0.4140000000000003,19.19310458794539,20.408446639329735,1.91229675,1.0,2.4755255249532784,2.4375,4.798173267466588,1.432000000000001,0.8600000000000007,-73.78777830299889,9.968611638805612,2.854915529969685,False,False,123.36621344268121
left,16.0,0.4,15.0,0.2,-0.1,0.08,0.3,False,0.3920000000000003,18.330582227864394,20.957147000340385,1.91229675,1.0,2.478249654249745,2.4375,4.940848813575964,1.5320000000000011,0.9300000000000007,-73.41468921396,9.557781694877242,3.5632157556675574,False,False,110.1714119986386
left,16.0,0.25,15.0,0.2,-0.1,0.08,0.3,False,0.3740000000000003,17.433612175767387,21.016320575389436,1.91229675,1.0,2.489269513201508,2.4375,5.104102664765638,1.382000000000001,0.8100000000000006,-72.18635075408598,9.235503423215613,3.7375880077315635,False,False,100.9347176984424
right,11.0,0.4,20.0,0.2,0.0,0.08,0.3,False,0.3760000000000003,18.711278966769246,22.970675970742505,1.91229675,1.0,3.264444519814575,2.4375,5.368527254687722,1.6320000000000012,1.0100000000000007,-67.62536128379821,7.965032850759169,10.68383103036697,False,False,94.11729611703012
left,16.0,0.4,15.0,0.2,-0.05,0.08,0.3,False,0.36600000000000027,17.226505771028425,21.995643908763316,1.91229675,1.0,2.4735049418620965,2.4375,4.7388848907651795,1.5820000000000012,0.9800000000000008,-71.5384290688174,9.122517596131743,4.555415588051495,False,False,93.01742436494688
left,14.0,0.25,15.0,0.2,0.0,0.08,0.3,False,0.25400000000000017,7.4072640893104165,8.240397646683634,1.91229675,1.0,2.4971779429126415,2.4375,5.014091790198088,1.482000000000001,0.8900000000000007,-61.08771088965084,6.53467811712567,3.267073637962171,False,False,92.03840941326555
right,9.0,0.25,20.0,0.2,0.0,0.08,0.3,False,0.36600000000000027,16.903899698255163,22.552131115661183,1.91229675,1.0,3.2769433880942866,2.4375,5.294670854787765,1.482000000000001,0.8900000000000007,-69.0966443961677,7.826583744674563,4.736244407499531,False,False,90.79147553735541
right,9.0,0.4,20.0,0.2,0.0,0.08,0.3,False,0.36600000000000027,16.884766993587778,23.044787658215157,1.91229675,1.0,3.2939080276965678,2.4375,5.46583495132727,1.6320000000000012,1.0000000000000007,-68.68786880674341,7.895357102397864,4.823458339776627,False,False,88.82084936713952
right,9.0,0.4,20.0,0.2,-0.05,0.08,0.3,False,0.36200000000000027,16.67785954558347,22.93050918983245,1.91229675,1.0,3.2704928719518773,2.4375,5.456030407026015,1.5820000000000012,0.9500000000000007,-69.00394018312753,7.7209451860624325,4.817008321781724,False,False,87.27796324067035
right,9.0,0.4,20.0,0.2,-0.1,0.08,0.3,False,0.36400000000000027,17.00716733402302,23.513882412181285,1.91229675,1.0,3.264995072351667,2.4375,5.538535945324247,1.5320000000000011,0.9000000000000007,-69.75395629168328,7.694315123314939,5.0338886652095285,False,False,85.944470351275
right,12.0,0.25,15.0,0.2,-0.05,0.08,0.3,False,0.21200000000000016,5.522954068247516,5.2475121134120855,1.91229675,1.0,2.528735381616657,2.4375,5.217217834844024,1.432000000000001,0.8500000000000006,-53.37275784952671,5.4607653389749,2.377489349448602,False,False,83.00995154635174
right,9.0,0.15,20.0,0.2,0.0,0.08,0.3,False,0.35800000000000026,16.72825282627642,23.57429993104817,1.91229675,1.0,3.2549832628915696,2.4375,5.218144219762511,1.382000000000001,0.8100000000000006,-70.26792406292087,7.475959526273964,5.253767381539204,False,False,82.70280027580746
right,9.0,0.25,20.0,0.2,-0.05,0.08,0.3,False,0.36200000000000027,17.162355324068663,24.452647389708353,1.91229675,1.0,3.2633535471980744,2.4375,5.2462135830479975,1.432000000000001,0.8400000000000006,-70.96342552363265,7.434686962405746,5.626930776983982,False,False,81.18941044116673
left,14.0,0.4,15.0,0.2,0.0,0.08,0.3,False,0.23800000000000018,6.5822760528577575,9.081696632651555,1.91229675,1.0,2.526875390352449,2.4375,5.167042080976356,1.6320000000000012,1.0100000000000007,-59.96172064106431,6.351266060983336,3.002714661903167,False,False,80.67321346939386
right,9.0,0.25,20.0,0.2,-0.1,0.08,0.3,False,0.36000000000000026,16.973109108890522,24.349606281358774,1.91229675,1.0,3.2648598216016618,2.4375,5.630977469666796,1.382000000000001,0.7900000000000006,-70.60920790828959,7.448237078569147,5.2794071176490815,False,False,80.60157487456505
right,11.0,0.15,20.0,0.2,-0.1,0.08,0.3,False,0.35400000000000026,17.23091876207107,24.24348022423947,1.91229675,1.0,3.2751922666244493,2.4375,5.8903919460625325,1.282000000000001,0.7100000000000005,-67.64016571745361,7.375423962714771,5.747569330289647,False,False,78.02607910304226
right,9.0,0.15,20.0,0.2,-0.1,0.08,0.3,False,0.35400000000000026,16.43339305053812,24.31763904309384,1.91229675,1.0,3.273307962436313,2.4375,5.782211224168715,1.282000000000001,0.7100000000000005,-69.6291498580058,7.4235739860469865,4.817933850950445,False,False,77.72944382762478
right,7.0,0.15,20.0,0.2,0.0,0.08,0.3,False,0.34200000000000025,15.190212602389924,22.878392827239686,1.91229675,1.0,3.3947071867008307,2.4375,5.299192837894789,1.382000000000001,0.8000000000000006,-72.55707294897311,7.029479262175123,4.469872853461098,False,False,77.48642869104137
right,7.0,0.4,20.0,0.2,0.0,0.08,0.3,False,0.34400000000000025,15.376131267207938,23.31607872881911,1.91229675,1.0,3.4297066544016945,2.4375,5.296732954947833,1.6320000000000012,0.9800000000000008,-72.15187432594712,7.128460371859829,4.65839195235757,False,False,76.73568508472367
left,11.0,0.15,20.0,0.2,-0.1,0.08,0.3,False,0.35600000000000026,17.323278721519674,24.90790746747957,1.91229675,1.0,3.268970815171034,2.4375,5.914642297035861,1.282000000000001,0.7100000000000005,-68.12510364481754,7.506109642953445,6.059323966212397,False,False,76.36837013008186
left,8.0,0.4,20.0,0.2,-0.1,0.08,0.3,False,0.34800000000000025,15.861634581995105,23.985445520587305,1.91229675,1.0,3.3191717618516043,2.4375,5.556334802680309,1.5320000000000011,0.8800000000000007,-70.63094173712814,7.534265935543038,4.759101111220897,False,False,76.0582179176509
right,7.0,0.4,20.0,0.2,-0.1,0.08,0.3,False,0.34200000000000025,15.239957569262039,23.251581243109577,1.91229675,1.0,3.389300263522052,2.4375,5.38216677188661,1.5320000000000011,0.8800000000000007,-72.69857575349442,7.034786189659907,4.579339455874702,False,False,75.9936750275618
right,12.0,0.25,15.0,0.2,-0.1,0.08,0.3,False,0.20200000000000015,4.97129315818938,5.916096087496453,1.91229675,1.0,2.537206866796284,2.4375,5.2687799742533175,1.382000000000001,0.8000000000000006,-52.10114150084887,5.321227398700378,1.823927013376361,False,False,75.27820196639303
left,8.0,0.15,20.0,0.2,0.0,0.08,0.3,False,0.34200000000000025,15.687788235392421,23.531807248154614,1.91229675,1.0,3.290550955512619,2.4375,5.347761715336524,1.382000000000001,0.8000000000000006,-72.18903119281784,7.226914157430083,4.864083189634571,False,False,74.87277100738166
right,7.0,0.25,20.0,0.2,0.0,0.08,0.3,False,0.34200000000000025,15.270759219884175,23.570217752943837,1.91229675,1.0,3.416329127139918,2.4375,5.309227736276891,1.482000000000001,0.8700000000000007,-72.25859886864052,7.069031298084488,4.738961897885123,False,False,74.71912898822477
right,7.0,0.25,20.0,0.2,-0.05,0.08,0.3,False,0.34000000000000025,15.186267438635713,23.37771212702036,1.91229675,1.0,3.3885516357152143,2.4375,5.317168813485663,1.432000000000001,0.8200000000000006,-73.18450214602754,7.07889209936256,4.571275281546331,False,False,74.48915149191868
left,11.0,0.4,20.0,0.2,0.0,0.08,0.3,False,0.35600000000000026,17.670147276474328,25.56542429250796,1.91229675,1.0,3.294839338773776,2.4375,5.475509624470125,1.6320000000000012,1.0000000000000007,-68.23962110551095,7.618277448881996,10.390713572888124,False,False,73.7383028299683
left,8.0,0.25,20.0,0.2,-0.1,0.08,0.3,False,0.34200000000000025,15.583459426510766,23.954583529964392,1.91229675,1.0,3.3120216630009294,2.4375,5.586126648991171,1.382000000000001,0.7700000000000006,-71.93449568111164,7.203779594147721,4.772564194128473,False,False,73.18166588014255
left,8.0,0.25,20.0,0.2,-0.05,0.08,0.3,False,0.33800000000000024,15.386298270154212,23.589195848991068,1.91229675,1.0,3.2897159871104664,2.4375,5.476311516681074,1.432000000000001,0.8200000000000006,-71.81888138657368,7.166944622248007,4.736134503327406,False,False,72.64321660403584
right,9.0,0.15,20.0,0.2,-0.05,0.08,0.3,False,0.34200000000000025,16.023179522418758,24.353639216874274,1.91229675,1.0,3.2693470732500285,2.4375,5.27759226201905,1.332000000000001,0.7600000000000006,-71.67941185110453,6.817152190394567,5.504237657993894,False,False,71.58544313250302
right,12.0,0.15,20.0,0.2,-0.1,0.08,0.3,False,0.34800000000000025,17.044686593936433,25.204302750902396,1.91229675,1.0,3.279577440123679,2.4375,5.854568819610417,1.282000000000001,0.7200000000000005,-66.80812748164273,6.996618649164748,9.175942678545434,False,False,71.18278899639053
left,11.0,0.25,20.0,0.2,0.0,0.08,0.3,False,0.35000000000000026,17.318297134594513,25.454403113993912,1.91229675,1.0,3.261428931495079,2.4375,5.233299013810649,1.482000000000001,0.8900000000000007,-68.76241646712973,7.300670287800768,10.868412039141866,False,False,71.18238754402446
right,7.0,0.4,20.0,0.2,-0.05,0.08,0.3,False,0.33400000000000024,14.748382726034542,23.572126440904707,1.91229675,1.0,3.40694353227144,2.4375,5.3147230837684845,1.5820000000000012,0.9200000000000007,-72.13995007139889,6.884696658114329,4.604060770172071,False,False,70.71149423638128
right,12.0,0.25,20.0,0.2,0.0,0.08,0.3,False,0.33000000000000024,16.56357618145697,23.07297451350254,1.91229675,1.0,3.2539927112023044,2.4375,5.176187510227618,1.482000000000001,0.9000000000000007,-68.98372871185373,6.399556293284004,17.71540574371985,False,False,70.70810194598995
right,7.0,0.25,20.0,0.2,-0.1,0.08,0.3,False,0.34000000000000025,15.249861077303029,24.325330799441335,1.91229675,1.0,3.362933496407146,2.4375,5.375483448225202,1.382000000000001,0.7700000000000006,-73.73447944540169,7.174593024746857,4.644953730454852,False,False,70.69867680223477
left,8.0,0.15,20.0,0.2,-0.05,0.08,0.3,False,0.34200000000000025,15.86359778183008,24.619665350665482,1.91229675,1.0,3.260387441758177,2.4375,5.436469341633333,1.332000000000001,0.7500000000000006,-72.83342257351472,7.067329715669571,5.045035731097627,False,False,70.52133859733819
left,8.0,0.15,20.0,0.2,-0.1,0.08,0.3,False,0.33800000000000024,15.24487208239314,24.1376899606547,1.91229675,1.0,3.316926178787714,2.4375,5.706508268630149,1.282000000000001,0.7000000000000005,-71.42670399007605,7.184607735102192,4.454905104999396,False,False,70.44924015738131
left,11.0,0.4,20.0,0.2,-0.1,0.08,0.3,False,0.34800000000000025,17.08136979073062,25.46864003805728,1.91229675,1.0,3.2647460388961718,2.4375,5.42228086290345,1.5320000000000011,0.9000000000000007,-69.1411079214037,7.189307314668594,8.583846372438808,False,False,70.12543984777099
left,8.0,0.25,20.0,0.2,0.0,0.08,0.3,False,0.33800000000000024,15.265524886379584,24.250690930393358,1.91229675,1.0,3.369150006610474,2.4375,5.491070344877261,1.482000000000001,0.8700000000000007,-70.33555145409417,7.309111092770708,4.8971908012945775,False,False,69.99723627842668
right,7.0,0.15,20.0,0.2,-0.05,0.08,0.3,False,0.34400000000000025,15.738454595062484,25.036435057252937,1.91229675,1.0,3.3343212245557257,2.4375,5.289067502633574,1.332000000000001,0.7500000000000006,-74.4001265583095,7.3824002261596995,4.946105125189631,False,False,69.85425977098836
right,7.0,0.15,20.0,0.2,-0.1,0.08,0.3,False,0.33400000000000024,14.69705849145031,24.036244965276293,1.91229675,1.0,3.348141025449577,2.4375,5.435688518654274,1.282000000000001,0.7000000000000005,-72.77599585302355,6.876250134299576,4.337822767585489,False,False,68.85502013889494
right,11.0,0.4,20.0,0.2,-0.1,0.08,0.3,False,0.34000000000000025,16.527774255965426,25.329250540815202,1.91229675,1.0,3.2693262703342905,2.4375,5.281538856964055,1.5320000000000011,0.9100000000000007,-69.11482147770948,6.757655744802642,9.66927270919607,False,False,66.6829978367393
right,12.0,0.25,20.0,0.2,-0.05,0.08,0.3,False,0.33200000000000024,16.69413865998054,24.43040306428501,1.91229675,1.0,3.2603754909992633,2.4375,5.202896184243659,1.432000000000001,0.8500000000000006,-69.5407501119736,6.541511712969554,15.83152091106937,False,False,66.27838774286008
right,12.0,0.25,20.0,0.2,-0.1,0.08,0.3,False,0.33000000000000024,16.083965797878296,24.298399116481495,1.91229675,1.0,3.2773967523652554,2.4375,5.263694190087492,1.382000000000001,0.8000000000000006,-68.97143983344155,6.25766353952827,11.5375817075857,False,False,65.80640353407414
right,11.0,0.25,20.0,0.2,-0.1,0.08,0.3,False,0.33800000000000024,16.28979790142737,25.350957125535984,1.91229675,1.0,3.2742703878693233,2.4375,5.503813133363709,1.382000000000001,0.7900000000000006,-69.30117001267637,6.572861860110702,9.823396211331163,False,False,65.59617149785618
right,12.0,0.4,15.0,0.2,-0.05,0.08,0.3,False,0.19400000000000014,4.820560568210869,7.263544595860181,1.91229675,1.0,2.5000767285478815,2.4375,5.297837819676017,1.5820000000000012,0.9700000000000008,-49.345009990547375,5.235361914274102,1.820486459205319,False,False,65.58694275298109
right,12.0,0.15,20.0,0.2,0.0,0.08,0.3,False,0.32800000000000024,16.662184643200863,24.236186908217714,1.91229675,1.0,3.256916876273755,2.4375,5.18865078340494,1.382000000000001,0.8200000000000006,-69.97522963831914,6.697154792750903,17.397174318421325,False,False,65.05525236712926
left,8.0,0.4,20.0,0.2,-0.05,0.08,0.3,False,0.33600000000000024,15.462144078269638,25.38994792761704,1.91229675,1.0,3.358082531103946,2.4375,5.4932834321391315,1.5820000000000012,0.9300000000000007,-70.34670421331312,7.3338837301874875,5.566737850208581,False,False,64.44020828953195
right,12.0,0.4,20.0,0.2,-0.05,0.08,0.3,False,0.32200000000000023,16.037353101168925,23.719542575525733,1.91229675,1.0,3.256179971743272,2.4375,5.18777177507404,1.5820000000000012,0.9700000000000008,-69.26611024270102,6.442960661398026,16.819983445532017,False,False,64.12182969789718
left,16.0,0.25,15.0,0.2,0.0,0.08,0.3,False,0.33800000000000024,15.484930962258739,25.78629418271053,1.91229675,1.0,2.46487624875533,2.4375,4.7125892146760595,1.482000000000001,0.9100000000000007,-71.19545742792155,8.573492684822675,6.003828970515887,False,False,63.85482326915799
right,12.0,0.15,15.0,0.2,-0.05,0.08,0.3,False,0.21200000000000016,5.504933603419568,10.041988617141165,1.91229675,1.0,2.493754876523354,2.4375,4.746495870773407,1.332000000000001,0.7700000000000006,-53.66931919231155,5.313256308108193,3.2223088048161515,False,False,63.832045531435426
right,11.0,0.25,20.0,0.2,0.0,0.08,0.3,False,0.34400000000000025,17.093928776502175,26.66753316559471,1.91229675,1.0,3.254215736743162,2.4375,5.187020170629722,1.482000000000001,0.8900000000000007,-69.3456021771545,6.837080152153548,15.497876487634143,False,False,63.32986733762128
right,11.0,0.4,20.0,0.2,-0.05,0.08,0.3,False,0.34200000000000025,16.948273138048698,26.67136216471127,1.91229675,1.0,3.264720800979439,2.4375,5.199710512804729,1.5820000000000012,0.9600000000000007,-69.57102631007783,6.715888149810313,15.081591830071593,False,False,62.31455134115504
left,14.0,0.15,15.0,0.2,-0.1,0.08,0.3,False,0.23200000000000018,6.599828067699681,12.956216217209104,1.91229675,1.0,2.5840168537290755,2.4375,5.451446990701078,1.282000000000001,0.7100000000000005,-59.68543898408532,6.164475010395097,4.015883893658932,False,False,62.17513513116367
left,11.0,0.4,20.0,0.2,-0.05,0.08,0.3,False,0.33800000000000024,16.698199712600726,26.449379731322367,1.91229675,1.0,3.261130377248632,2.4375,5.252021454356279,1.5820000000000012,0.9500000000000007,-69.4664212209664,6.821636861627085,13.722276187720565,False,False,61.20248107471065
left,11.0,0.25,20.0,0.2,-0.05,0.08,0.3,False,0.33200000000000024,16.308494961203458,25.751443493966725,1.91229675,1.0,3.260855641423872,2.4375,5.282195214329723,1.432000000000001,0.8400000000000006,-70.43732363486848,6.560290833011889,11.809438305728095,False,False,60.99422602413321
right,11.0,0.25,20.0,0.2,-0.05,0.08,0.3,False,0.33200000000000024,16.193706017820762,26.025984324650167,1.91229675,1.0,3.2619667827810224,2.4375,5.218219530810037,1.432000000000001,0.8400000000000006,-70.08814129997364,6.511078421560277,13.286764989548614,False,False,59.896062701399444
left,14.0,0.15,20.0,0.2,-0.1,0.08,0.3,False,0.3180000000000002,15.95333544838222,24.43664990278733,1.91229675,1.0,3.274294689384221,2.4375,5.77365925655341,1.282000000000001,0.7200000000000005,-65.93480198400668,6.073332948723767,15.747388354249203,False,False,59.25340038885079
left,14.0,0.15,15.0,0.2,0.0,0.08,0.3,False,0.2420000000000002,7.422915743653668,14.952192498130279,1.91229675,1.0,2.4662844554865404,2.4375,4.735861385410852,1.382000000000001,0.8100000000000006,-61.078527065851695,6.384271395480531,4.696530341150828,False,False,59.19123000747899
left,11.0,0.15,20.0,0.2,0.0,0.08,0.3,False,0.33200000000000024,16.484897392785218,26.306317571776454,1.91229675,1.0,3.2539791358908,2.4375,5.245052288041782,1.382000000000001,0.8100000000000006,-69.93184823937422,6.618782291011845,14.706751402327436,False,False,58.7747297128943
right,12.0,0.4,15.0,0.2,-0.1,0.08,0.3,False,0.17800000000000013,4.532589324247188,6.879343574685223,1.91229675,1.0,2.525328513963666,2.4375,5.3170647817961045,1.5320000000000011,0.9200000000000007,-50.142033650501126,5.1212558303026166,1.6462122499115157,False,False,58.54780434975356
left,14.0,0.4,15.0,0.2,-0.05,0.08,0.3,False,0.23800000000000018,7.221272626078426,14.614124027989483,1.91229675,1.0,2.466418280346568,2.4375,4.741621604136138,1.5820000000000012,0.9600000000000007,-60.29592279290538,6.3124575223408,4.839695342896619,False,False,58.54350388804215
right,12.0,0.15,20.0,0.2,-0.05,0.08,0.3,False,0.32000000000000023,15.869940000522373,25.01631631211225,1.91229675,1.0,3.2673354329856585,2.4375,5.227719740090451,1.332000000000001,0.7700000000000006,-69.77985469103596,6.564044690609762,15.455008185567818,False,False,57.93473475155112
right,11.0,0.15,20.0,0.2,-0.05,0.08,0.3,False,0.32600000000000023,15.752588098964432,25.882629435557686,1.91229675,1.0,3.267316953773125,2.4375,5.245257605694265,1.332000000000001,0.7600000000000006,-70.38739972678324,6.582779173273785,12.496761818647274,False,False,57.46948225776937
left,8.0,0.4,20.0,0.2,0.0,0.08,0.3,False,0.32400000000000023,14.674302178384849,25.64310126143478,1.91229675,1.0,3.3815538160078957,2.4375,5.473462969389586,1.6320000000000012,0.9800000000000008,-69.88513741814873,7.064910389063484,5.859730217520259,False,False,57.427594954261
left,16.0,0.15,15.0,0.2,-0.1,0.08,0.3,False,0.2720000000000002,9.296827257766289,19.195872831259017,1.91229675,1.0,2.696754794210675,2.4375,5.347026608469061,1.282000000000001,0.7300000000000005,-65.73023198836631,7.235648855619038,4.466977610775757,False,False,57.21650867496402
left,14.0,0.15,20.0,0.2,0.0,0.08,0.3,False,0.32200000000000023,18.916438678379734,25.456326965217176,1.91229675,1.0,3.2565967513168834,2.4375,5.233471975772578,1.382000000000001,0.8200000000000006,-69.70945965670143,9.489010617551244,17.246789181021477,False,False,57.17469213913141
left,11.0,0.25,20.0,0.2,-0.1,0.08,0.3,False,0.32400000000000023,15.75922879233363,25.752299551983963,1.91229675,1.0,3.265113969845322,2.4375,5.426085540274767,1.382000000000001,0.7900000000000006,-69.60125559981044,6.409258661223154,11.042756914933202,False,False,56.99080179206426
left,14.0,0.4,20.0,0.2,0.0,0.08,0.3,False,0.3180000000000002,18.034697354038094,25.023263801645644,1.91229675,1.0,3.2617813407273863,2.4375,5.255059819762054,1.6320000000000012,1.0200000000000007,-68.62816977181551,6.901236683194602,21.747026795245784,False,False,56.90694479341754
right,11.0,0.15,20.0,0.2,0.0,0.08,0.3,False,0.32800000000000024,16.21842750684102,26.346530629084967,1.91229675,1.0,3.2561218423970395,2.4375,5.199683443262023,1.382000000000001,0.8100000000000006,-70.12966674559026,6.582080013192579,15.909813219962647,False,False,56.61387748366025
right,12.0,0.4,20.0,0.2,0.0,0.08,0.3,False,0.32800000000000024,16.38594302799669,26.4984157105854,1.91229675,1.0,3.259025977228131,2.4375,5.321115769734418,1.6320000000000012,1.0200000000000007,-68.51183501538208,6.327173551240567,17.29529100285409,False,False,56.00633715765851
left,14.0,0.4,15.0,0.2,-0.1,0.08,0.3,False,0.2620000000000002,8.183467039638945,18.315281533352476,1.91229675,1.0,2.4748629660656807,2.4375,5.018763463565945,1.5320000000000011,0.9100000000000007,-63.087585722900506,6.576660747458193,4.8745063092364,False,False,55.73887386659018
left,11.0,0.15,20.0,0.2,-0.05,0.08,0.3,False,0.32400000000000023,15.832727099585886,26.089927514693244,1.91229675,1.0,3.261858983700178,2.4375,5.290072182570116,1.332000000000001,0.7600000000000006,-70.78892581620778,6.407722286217992,12.982480144549902,False,False,55.64028994122714
right,12.0,0.4,15.0,0.2,0.0,0.08,0.3,False,0.18800000000000014,4.920197445248769,9.133536130518927,1.91229675,1.0,2.532171919900304,2.4375,5.1994716893156,1.6320000000000012,1.0200000000000007,-51.57860303567676,5.147928198077334,2.559491594374141,False,False,55.3062503684219
left,14.0,0.15,20.0,0.2,-0.05,0.08,0.3,False,0.3180000000000002,17.671074512014883,25.602012396737486,1.91229675,1.0,3.264518830133183,2.4375,5.266778673382966,1.332000000000001,0.7700000000000006,-69.94961926736156,9.355232154661232,15.014311719668818,False,False,54.59195041305017
left,14.0,0.4,20.0,0.2,-0.1,0.08,0.3,False,0.3160000000000002,17.36568219457468,25.392431952060193,1.91229675,1.0,3.2596806011596193,2.4375,5.473373122600618,1.5320000000000011,0.9200000000000007,-69.06627115164022,7.439690074464977,17.885864256655253,False,False,54.43027219175934
left,14.0,0.25,15.0,0.2,-0.1,0.08,0.3,False,0.2700000000000002,8.613659232089454,19.782351779628677,1.91229675,1.0,2.487562701800102,2.4375,5.042177764226257,1.382000000000001,0.7900000000000006,-64.70469282487393,6.6960537585158475,4.636350604943086,False,False,53.87059288148538
right,12.0,0.15,15.0,0.2,-0.1,0.08,0.3,False,0.17200000000000013,4.460106857076304,7.2698852033164325,1.91229675,1.0,2.557009436667773,2.4375,5.422937650371475,1.282000000000001,0.7200000000000005,-50.25195452474193,5.0973662240649364,1.5489006432313384,False,False,53.84067290088694
left,14.0,0.25,20.0,0.2,0.0,0.08,0.3,False,0.3160000000000002,18.74088827761565,25.64051587564697,1.91229675,1.0,3.2542823591162775,2.4375,5.232742800340198,1.482000000000001,0.9000000000000007,-69.76776771732337,9.346540726138038,18.87725433578194,False,False,53.43793649741224
left,16.0,0.4,15.0,0.2,0.0,0.08,0.3,False,0.2920000000000002,11.03162650335869,22.754531270322506,1.91229675,1.0,2.465166843218593,2.4375,4.953536139282646,1.6320000000000012,1.0300000000000007,-67.10818687854827,7.561293161471978,8.822607221928608,False,False,52.98187491871009
left,14.0,0.25,20.0,0.2,-0.1,0.08,0.3,False,0.3120000000000002,16.22767537090852,25.28399147041294,1.91229675,1.0,3.266856038630705,2.4375,5.479300015174917,1.382000000000001,0.8000000000000006,-68.08739160018585,6.001938059817461,16.570142786881675,False,False,52.86403411834836
left,11.0,0.25,15.0,0.2,-0.1,0.08,0.3,False,0.1520000000000001,4.202088251456793,5.084251588059839,1.91229675,1.0,2.506896577841145,2.4375,5.2558184837189685,1.382000000000001,0.8000000000000006,-53.17382500889022,4.767443387751114,1.7647421149789069,False,False,52.067170150674286
left,14.0,0.4,20.0,0.2,-0.05,0.08,0.3,False,0.3140000000000002,19.004095378488003,25.81970015698506,1.91229675,1.0,3.257412730855728,2.4375,5.241692122625219,1.5820000000000012,0.9700000000000008,-70.09617613798403,10.09620104249547,17.903426586777293,False,False,51.72119937205987
left,14.0,0.25,15.0,0.2,-0.05,0.08,0.3,False,0.2840000000000002,10.432496986722676,22.184450322568605,1.91229675,1.0,2.4758949694231345,2.4375,4.736974127537249,1.432000000000001,0.8400000000000006,-66.32836217967792,7.0457176362222125,5.433113320086886,False,False,51.262198709725666
right,12.0,0.4,20.0,0.2,-0.1,0.08,0.3,False,0.32200000000000023,15.905930132866134,27.055848193528888,1.91229675,1.0,3.2635664947829466,2.4375,5.274474865315051,1.5320000000000011,0.9200000000000007,-68.59765189802432,6.158598181643344,15.440583823470211,False,False,50.77660722588456
left,14.0,0.25,20.0,0.2,-0.05,0.08,0.3,False,0.3140000000000002,18.514646959869484,26.299444979762065,1.91229675,1.0,3.260555727296399,2.4375,5.254221808186014,1.432000000000001,0.8500000000000006,-70.15568264500295,9.853422493208539,17.28107910279654,False,False,49.802220080951855
left,14.0,0.15,15.0,0.2,-0.05,0.08,0.3,False,0.2940000000000002,11.952596961723682,23.907773939731975,1.91229675,1.0,2.484816949187208,2.4375,4.885554410945849,1.332000000000001,0.7600000000000006,-67.3862348638257,7.357909457538503,5.920484167112713,False,False,49.368904241072215
left,16.0,0.15,20.0,0.2,-0.05,0.08,0.3,False,0.1480000000000001,8.205818955240737,5.929695784003957,1.91229675,1.0,3.2679560244946,2.4375,5.249697567974711,1.332000000000001,0.7900000000000006,-68.03653633335598,32.69270600501838,5.104936843678634,False,False,48.28121686398423
left,16.0,0.15,20.0,0.2,-0.1,0.08,0.3,False,0.3100000000000002,15.84969330922363,26.506620088801945,1.91229675,1.0,3.2797262810689065,2.4375,5.831950490249803,1.282000000000001,0.7400000000000005,-62.9818233637162,5.77001675372712,16.36883510522869,False,False,46.97351964479233
left,16.0,0.4,20.0,0.2,-0.1,0.08,0.3,False,0.1380000000000001,7.662000779134412,5.721842673994499,1.91229675,1.0,3.26073667155141,2.4375,5.317972655792981,1.5320000000000011,0.9400000000000007,-67.40929974246785,15.919593135250562,14.557919948986395,False,False,44.11262930402205
right,12.0,0.25,15.0,0.2,0.0,0.08,0.3,False,0.16800000000000012,4.479250598103265,9.867229192901386,1.91229675,1.0,2.497531196512422,2.4375,5.315011627997448,1.482000000000001,0.9000000000000007,-46.479348536529905,5.038005500683579,1.882235504163008,False,False,41.48958442460104
right,11.0,0.25,15.0,0.2,-0.05,0.08,0.3,False,0.1440000000000001,4.037925426897029,6.655419400865419,1.91229675,1.0,2.484085779995323,2.4375,5.325543989997756,1.432000000000001,0.8600000000000007,-51.95617628531696,4.601290787336644,1.4907053652054807,False,False,41.454173250332445
right,11.0,0.25,15.0,0.2,0.0,0.08,0.3,False,0.1580000000000001,4.379096113181006,9.090801801779909,1.91229675,1.0,2.5333018038642816,2.4375,5.204946995818723,1.482000000000001,0.9000000000000007,-44.21142318960239,4.642760082237095,2.347137138549678,False,False,39.394985019242434
left,11.0,0.4,15.0,0.2,-0.1,0.08,0.3,False,0.1440000000000001,4.213659366415698,7.6648231866592305,1.91229675,1.0,2.520137957862073,2.4375,5.186248122826263,1.5320000000000011,0.9100000000000007,-48.067432146167874,4.696562126034396,2.1722570586581607,False,False,37.76802598619453
right,11.0,0.4,15.0,0.2,-0.05,0.08,0.3,False,0.1500000000000001,4.285760103706196,8.613401030767049,1.91229675,1.0,2.5100953338678944,2.4375,5.234233558607599,1.5820000000000012,0.9700000000000008,-46.79706733864941,4.6292281237524415,2.0578090429789913,False,False,37.11791608434425
right,11.0,0.4,15.0,0.2,-0.1,0.08,0.3,False,0.1400000000000001,4.058555503678105,7.799226336081505,1.91229675,1.0,2.5107157665622606,2.4375,5.246912817614353,1.5320000000000011,0.9300000000000007,-50.446565627393234,4.563965201995503,1.7241427980611534,False,False,34.92020566303024
left,11.0,0.15,15.0,0.2,0.0,0.08,0.3,False,0.1440000000000001,4.204432452111703,8.570542528954594,1.91229675,1.0,2.504917149389257,2.4375,5.264708459246526,1.382000000000001,0.8200000000000006,-48.06178046292321,4.70785414235099,2.0397184044443217,False,False,34.12669478840509
right,11.0,0.15,15.0,0.2,0.0,0.08,0.3,False,0.1400000000000001,4.09030847119432,8.07510215129769,1.91229675,1.0,2.4931448326367605,2.4375,5.283268894600376,1.382000000000001,0.8300000000000006,-48.6541251816916,4.559047165076694,1.8087142213115297,False,False,33.88020833719792
right,11.0,0.4,15.0,0.2,0.0,0.08,0.3,False,0.16200000000000012,4.446003892096748,11.212855776378696,1.91229675,1.0,2.523919434632594,2.4375,5.255293669990803,1.6320000000000012,1.0200000000000007,-44.651546818920515,4.67585572017374,2.5175982932810053,False,False,33.04058467867877
left,11.0,0.25,15.0,0.2,-0.05,0.08,0.3,False,0.1320000000000001,3.9702425420537617,7.331623187240591,1.91229675,1.0,2.4738901386870245,2.4375,5.245640936440059,1.432000000000001,0.8500000000000006,-50.74338427061736,4.63503647250789,1.763758893094683,False,False,32.6139923351452
right,11.0,0.25,15.0,0.2,-0.1,0.08,0.3,False,0.1380000000000001,3.953716490520884,8.108602820477069,1.91229675,1.0,2.4689829138663955,2.4375,5.247077164042173,1.382000000000001,0.8100000000000006,-52.84447774158639,4.557870885415676,1.4642716738545793,False,False,32.47302169913353
right,11.0,0.15,15.0,0.2,-0.1,0.08,0.3,False,0.1340000000000001,3.906243187874192,8.149287966465012,1.91229675,1.0,2.499582319605392,2.4375,5.479690868810972,1.282000000000001,0.7300000000000005,-51.1395374360304,4.529283845571915,1.4553261939515831,False,False,30.215334509888372
left,11.0,0.25,15.0,0.2,0.0,0.08,0.3,False,0.1580000000000001,4.408192895035342,11.463461031295028,1.91229675,1.0,2.5258963390984004,2.4375,5.176749275366846,1.482000000000001,0.9000000000000007,-43.909636491353666,4.747540374164582,2.6965392065442737,False,False,29.96254166489063
left,11.0,0.15,15.0,0.2,-0.1,0.08,0.3,False,0.1340000000000001,4.007424277580551,8.268041447118788,1.91229675,1.0,2.5130593086475814,2.4375,5.547889367149574,1.282000000000001,0.7200000000000005,-51.040866158280146,4.648101051808581,1.7758270631920843,False,False,29.942682766685984
left,16.0,0.15,10.0,0.2,-0.1,0.08,0.3,False,0.11200000000000009,4.010304575684187,5.780308692227231,1.91229675,1.0,2.6417311245682664,2.4375,4.943697424025943,1.282000000000001,0.7300000000000005,-58.835014777250464,5.95234449584567,0.8031570579715188,False,False,28.8993743824595
left,11.0,0.4,15.0,0.2,0.0,0.08,0.3,False,0.1500000000000001,4.2653872912056245,11.794164272358925,1.91229675,1.0,2.515812702189592,2.4375,5.255225535656474,1.6320000000000012,1.0100000000000007,-41.85524176318936,4.691990970152012,2.7745050287149726,False,False,24.35411749297561
left,11.0,0.4,15.0,0.2,-0.05,0.08,0.3,False,0.1460000000000001,4.255212117729279,11.50095869502303,1.91229675,1.0,2.520327483325822,2.4375,5.164053280700072,1.5820000000000012,0.9600000000000007,-45.3279813307084,4.697844792695563,2.4108754483911237,False,False,23.506589455366495
left,16.0,0.4,10.0,0.2,-0.05,0.08,0.3,False,0.11400000000000009,4.102321202864537,7.948774597161723,1.91229675,1.0,2.182302739057202,2.4375,4.6615051068587645,1.5820000000000012,0.9800000000000008,-58.83416035989221,5.904682584446906,0.8768357974346762,False,False,21.409544017082226
right,9.0,0.15,15.0,0.2,0.0,0.08,0.3,False,0.11400000000000009,3.549173629609395,7.698712296290442,1.91229675,1.0,2.520812375497466,2.4375,5.207872049216401,1.382000000000001,0.8300000000000006,-43.89329132998829,3.6886230175373917,2.316360960694579,False,False,21.30349807405706
right,9.0,0.25,15.0,0.2,0.0,0.08,0.3,False,0.11000000000000008,3.5150408773004376,7.286848310966275,1.91229675,1.0,2.5100828587462645,2.4375,5.280676498787665,1.482000000000001,0.9100000000000007,-38.03897325222643,3.689497437196503,2.295704855295556,False,False,20.882688510735818
left,14.0,0.15,10.0,0.2,-0.05,0.08,0.3,False,0.09600000000000007,3.4764627303127544,5.701188281304597,1.91229675,1.0,2.4403404864228397,2.4375,4.599038173909241,1.332000000000001,0.7700000000000006,-54.9630817227741,5.1995363118473215,0.808913185514027,False,False,20.148172335407153
right,9.0,0.4,15.0,0.2,-0.05,0.08,0.3,False,0.11000000000000008,3.5038986868751594,7.576128457805233,1.91229675,1.0,2.4744491374312676,2.4375,5.28406148270145,1.5820000000000012,0.9700000000000008,-41.269522835267566,3.694892374390329,2.174006117989709,False,False,19.703283542529434
right,9.0,0.15,15.0,0.2,-0.05,0.08,0.3,False,0.10400000000000008,3.290376190067515,6.727535396003748,1.91229675,1.0,2.5083285008115133,2.4375,5.265603338139856,1.332000000000001,0.7900000000000006,-53.30789983048342,3.6135236209205273,1.7094710244603932,False,False,19.670610796120084
left,14.0,0.4,10.0,0.2,-0.05,0.08,0.3,False,0.09400000000000007,3.4428884014391645,5.5665163780576,1.91229675,1.0,2.032246244215249,2.4375,4.787973519846271,1.5820000000000012,0.9700000000000008,-54.58838694873157,5.169588414812981,0.9210280281270489,False,False,19.619711290647967
left,14.0,0.4,10.0,0.2,-0.1,0.08,0.3,False,0.09400000000000007,3.432500522513066,5.588270907881438,1.91229675,1.0,2.0346247086374354,2.4375,4.7250890864460295,1.5320000000000011,0.9200000000000007,-54.339129783593194,5.123279561265196,0.7801228508591436,False,False,19.511917413500417
left,16.0,0.15,10.0,0.2,0.0,0.08,0.3,False,0.11400000000000009,4.141790233151907,8.490571069560438,1.91229675,1.0,2.4974941534219877,2.4375,4.58975307978506,1.382000000000001,0.8300000000000006,-58.698273570558136,5.89383180203501,0.9149905085575787,False,False,19.321296188062107
left,16.0,0.25,10.0,0.2,-0.1,0.08,0.3,False,0.11400000000000009,4.064384903416651,8.457912271495331,1.91229675,1.0,2.182353155468355,2.4375,4.649753465797423,1.382000000000001,0.8100000000000006,-58.632453664943185,5.889084148741031,0.8376960844942091,False,False,19.29712072085202
left,16.0,0.25,10.0,0.2,0.0,0.08,0.3,False,0.11400000000000009,4.082221691833504,8.578740543589467,1.91229675,1.0,2.1994581984026516,2.4375,4.786680772367889,1.482000000000001,0.9100000000000007,-59.301265065125214,5.985574651272121,1.1226684648620606,False,False,18.849481209309182
left,16.0,0.4,10.0,0.2,-0.1,0.08,0.3,False,0.11200000000000009,4.043379352559398,8.398647515757045,1.91229675,1.0,2.2151610028076867,2.4375,4.619885770179409,1.5320000000000011,0.9300000000000007,-58.367295937630914,5.962305792391906,0.92136053560339,False,False,18.49216864209066
right,9.0,0.4,15.0,0.2,0.0,0.08,0.3,False,0.10800000000000008,3.4402868425289777,7.620306578785233,1.91229675,1.0,2.5009688822089706,2.4375,5.335191541345115,1.6320000000000012,1.0200000000000007,-40.93088758860333,3.6803262119033655,2.0839519840665504,False,False,18.399347369917063
left,16.0,0.4,10.0,0.2,0.0,0.08,0.3,False,0.11200000000000009,4.035595639287778,8.418475726433256,1.91229675,1.0,2.1892384569948424,2.4375,4.824281303910254,1.6320000000000012,1.0300000000000007,-58.810411768096415,5.983120535555798,0.9716964908953458,False,False,18.397288372842574
left,14.0,0.15,10.0,0.2,-0.1,0.08,0.3,False,0.09200000000000007,3.3643044958943795,5.698952935332405,1.91229675,1.0,2.5993427840812067,2.4375,4.9816947442417465,1.282000000000001,0.7200000000000005,-54.12707409041648,5.206122980476401,0.7571888163121125,False,False,17.932797250459178
left,16.0,0.15,10.0,0.2,-0.05,0.08,0.3,False,0.11400000000000009,4.077106731589105,9.090256289992796,1.91229675,1.0,2.4996762980723815,2.4375,4.569788993326362,1.332000000000001,0.7800000000000006,-58.81256728375989,5.921112611711837,0.8937829496765197,False,False,16.793188303207067
left,14.0,0.25,10.0,0.2,-0.1,0.08,0.3,False,0.09400000000000007,3.4634652602246048,6.288073435448633,1.91229675,1.0,2.0487584719292613,2.4375,4.648663324124827,1.382000000000001,0.8000000000000006,-54.37885066778003,5.197708802487247,0.7757033294261668,False,False,16.774636778654713
right,9.0,0.25,15.0,0.2,-0.05,0.08,0.3,False,0.10400000000000008,3.3412309516210046,7.549436039377684,1.91229675,1.0,2.5048968063894215,2.4375,5.228447811032695,1.432000000000001,0.8700000000000007,-49.34874841951241,3.6298706311298288,1.755399111972842,False,False,16.484717745731313
right,9.0,0.4,15.0,0.2,-0.1,0.08,0.3,False,0.10400000000000008,3.3745733495312984,7.664592638970171,1.91229675,1.0,2.5007174254905307,2.4375,5.200059988114637,1.5320000000000011,0.9300000000000007,-44.54911203846813,3.6409895090349482,1.957064807424415,False,False,16.09077614318196
right,9.0,0.25,15.0,0.2,-0.1,0.08,0.3,False,0.10000000000000007,3.306970856120042,7.441171993864817,1.91229675,1.0,2.5070982081920286,2.4375,5.275524510860601,1.382000000000001,0.8200000000000006,-51.797255201765246,3.620117210865676,1.729171026937182,False,False,14.849253736780852
left,16.0,0.25,10.0,0.2,-0.05,0.08,0.3,False,0.11200000000000009,4.041560081017637,9.5097148884185,1.91229675,1.0,2.2201080604604084,2.4375,4.570984677424053,1.432000000000001,0.8600000000000007,-58.26553813297079,5.946141680672377,0.9244604882830098,False,False,14.044260608361313
left,14.0,0.4,10.0,0.2,0.0,0.08,0.3,False,0.08800000000000006,3.24657280794062,6.239275474301161,1.91229675,1.0,2.038186545418537,2.4375,4.853246368404559,1.6320000000000012,1.0200000000000007,-53.64955510551671,5.237465347879348,0.9144717736130135,False,False,13.53604371867663
right,9.0,0.15,15.0,0.2,-0.1,0.08,0.3,False,0.09800000000000007,3.2123194854150467,7.5246200116900654,1.91229675,1.0,2.495285949798635,2.4375,5.421073948433205,1.282000000000001,0.7500000000000006,-52.475121266855716,3.5765291094962413,1.7138821055275297,False,False,13.326158924069869
left,8.0,0.15,15.0,0.2,0.0,0.08,0.3,False,0.09200000000000007,3.1008669345106292,7.238498668730204,1.91229675,1.0,2.5210420888859533,2.4375,5.213888423373833,1.382000000000001,0.8700000000000007,-41.237968812068374,3.314958717111266,2.288819842352141,False,False,11.247739194100479
right,9.0,0.25,10.0,0.2,0.0,0.08,0.3,False,0.044000000000000025,1.9128383128950432,0.7057457543494207,1.91229675,1.0,1.7110034419152487,2.4375,4.926052863713843,1.482000000000001,0.9100000000000007,-40.90037766708163,3.1381566774576015,0.579765757621668,False,False,11.00269360839242
right,9.0,0.15,10.0,0.2,0.0,0.08,0.3,False,0.04600000000000003,1.8905544799829865,1.0004283269066214,1.91229675,1.0,1.748347385784439,2.4375,4.927546259889374,1.382000000000001,0.8300000000000006,-41.39013383652511,3.087275746403649,0.9048107270139919,False,False,10.779395652339502
left,8.0,0.15,15.0,0.2,-0.05,0.08,0.3,False,0.08000000000000006,2.9463701369854127,5.884615654275244,1.91229675,1.0,2.482597442009099,2.4375,5.269475106029678,1.332000000000001,0.8200000000000006,-55.4108459361498,3.1663530296157867,1.882304998669035,False,False,10.354277656869876
left,8.0,0.25,15.0,0.2,-0.05,0.08,0.3,False,0.09000000000000007,2.9660135201254603,7.458814344263283,1.91229675,1.0,2.5036337059934004,2.4375,5.195403530163121,1.432000000000001,1.0100000000000007,-45.25794958615724,3.286146004723694,1.9659039281521107,False,False,9.096769663197826
right,9.0,0.4,10.0,0.2,0.0,0.08,0.3,False,0.04000000000000002,1.8729161644056997,0.6777453628671899,1.91229675,1.0,1.7238056715025825,2.4375,4.993622557049062,1.6320000000000012,1.0200000000000007,-39.86998964301884,3.127477877068055,0.7107949495816673,False,False,9.034850877342649
left,8.0,0.25,15.0,0.2,-0.1,0.08,0.3,False,0.08600000000000006,2.8314419914838713,6.979508675352188,1.91229675,1.0,2.503789483618435,2.4375,5.215591612342016,1.382000000000001,0.8400000000000006,-51.50536902821666,3.2095282654181734,1.8882941576756398,False,False,8.744849281559016
right,9.0,0.25,10.0,0.2,-0.1,0.08,0.3,False,0.04800000000000003,2.4034770712982603,2.150912668253168,1.91229675,1.0,1.7001194435893527,2.4375,4.868436413090384,1.382000000000001,0.8100000000000006,-41.60360483901429,3.08946406040769,0.5415523892756882,False,False,8.203303469583865
right,9.0,0.25,10.0,0.2,-0.05,0.08,0.3,False,0.04600000000000003,2.0692690234199174,1.766436343804334,1.91229675,1.0,1.7065138625823573,2.4375,4.871228392954048,1.432000000000001,0.8600000000000007,-41.100845705512256,3.0986281465228127,0.6081592069822396,False,False,8.072792671622512
left,8.0,0.4,15.0,0.2,-0.1,0.08,0.3,False,0.08600000000000006,2.9153336082299033,7.3277582586751295,1.91229675,1.0,2.509311831204753,2.4375,5.246212997418562,1.5320000000000011,0.9500000000000007,-41.4782787342671,3.254058828507788,2.162275416439526,False,False,7.519634181759319
right,9.0,0.15,10.0,0.2,-0.1,0.08,0.3,False,0.04800000000000003,2.3637447062300336,2.344720931607074,1.91229675,1.0,1.696438263960948,2.4375,4.9813254268208915,1.282000000000001,0.7300000000000005,-41.53766769874011,3.1174176700123777,0.5455899058994964,False,False,7.348605686031785
right,7.0,0.25,15.0,0.2,-0.05,0.08,0.3,False,0.08000000000000006,2.5617363369136448,6.492575480609658,1.91229675,1.0,2.509044020857911,2.4375,5.336850846430116,1.432000000000001,1.0300000000000007,-37.8605924282439,2.7450341617187703,1.720216136108194,False,False,7.153170751388682
right,9.0,0.4,10.0,0.2,-0.1,0.08,0.3,False,0.044000000000000025,2.342817498867278,1.9765954767118894,1.91229675,1.0,1.7155264987183219,2.4375,4.925529289292556,1.5320000000000011,0.9200000000000007,-40.74493127209364,3.0977671957692743,0.6096376115245256,False,False,6.779253090887014
left,8.0,0.4,15.0,0.2,0.0,0.08,0.3,False,0.08200000000000006,2.7666672455456123,7.239835550373674,1.91229675,1.0,2.537605763438469,2.4375,5.2916593515039345,1.6320000000000012,1.0500000000000007,-41.006857893280525,3.2095518184677094,2.030364733656047,False,False,5.573992289596557
right,7.0,0.4,15.0,0.2,0.0,0.08,0.3,False,0.07000000000000005,2.6393643887338696,5.703349557627848,1.91229675,1.0,2.5020772866086953,2.4375,5.395739178161965,1.6320000000000012,1.2020000000000008,-40.31588636532607,2.644344248052324,1.5273401910835953,False,False,5.46533054695637
right,9.0,0.4,10.0,0.2,-0.05,0.08,0.3,False,0.04000000000000002,2.3678352877527233,1.829053070348196,1.91229675,1.0,1.7257339348307559,2.4375,4.967720158635562,1.5820000000000012,0.9700000000000008,-39.6308614575475,3.1278490928887424,0.6940737306543572,False,False,5.419458294112676
left,8.0,0.15,15.0,0.2,-0.1,0.08,0.3,False,0.07800000000000006,2.9841837825152346,6.913764807876784,1.91229675,1.0,2.4913371675029863,2.4375,5.3010929353161345,1.282000000000001,0.7600000000000006,-54.08587888780862,3.1613195450874434,1.8438381814660725,False,False,5.313308333523363
right,7.0,0.15,15.0,0.2,-0.1,0.08,0.3,False,0.07600000000000005,2.5704694860913397,6.4771863108293335,1.91229675,1.0,2.5076523790221192,2.4375,5.216819740579945,1.282000000000001,0.9180000000000007,-53.194021412830544,2.705762329708174,1.4276904451556427,False,False,5.232193728865376
left,8.0,0.4,15.0,0.2,-0.05,0.08,0.3,False,0.08200000000000006,2.7276772835410634,7.380020347313807,1.91229675,1.0,2.547840152257279,2.4375,5.274994221682529,1.5820000000000012,1.0000000000000007,-40.73536830471706,3.1979030048089014,1.9714222197245705,False,False,4.935273177826925
right,7.0,0.15,15.0,0.2,-0.05,0.08,0.3,False,0.07600000000000005,2.5824625100994147,6.577479157430705,1.91229675,1.0,2.5108994820252506,2.4375,5.244259158296003,1.332000000000001,0.9640000000000007,-53.52491887490734,2.6929626463362304,1.4583846076463545,False,False,4.855008390476037
right,7.0,0.15,15.0,0.2,0.0,0.08,0.3,False,0.07200000000000005,2.4608176974430656,6.1672036705541435,1.91229675,1.0,2.522897448384398,2.4375,5.378746526336618,1.382000000000001,1.0260000000000007,-39.568561715699694,2.664981659630674,1.5682294005333164,False,False,4.252820712669585
right,7.0,0.25,15.0,0.2,-0.1,0.08,0.3,False,0.07400000000000005,2.654585225424805,6.73740327680776,1.91229675,1.0,2.5253256656922654,2.4375,5.240167348919618,1.382000000000001,0.9860000000000008,-51.64391299690643,2.6905595270587512,1.461246510202345,False,False,3.3595573436185937
left,8.0,0.25,15.0,0.2,0.0,0.08,0.3,False,0.07200000000000005,2.5896827645619376,6.980276973181633,1.91229675,1.0,2.541371539240018,2.4375,5.3079431053491035,1.482000000000001,0.9400000000000007,-40.26148094896441,3.1239368154564393,2.0761736174816456,False,False,1.2582576363973743
right,7.0,0.4,15.0,0.2,-0.1,0.08,0.3,False,0.07000000000000005,2.470059197115626,6.705084438112727,1.91229675,1.0,2.511941034400667,2.4375,5.316921494413271,1.5320000000000011,1.0980000000000008,-40.37968845556658,2.683939415815465,1.7333968689140808,False,False,1.1197806417803697
right,7.0,0.4,10.0,0.2,0.0,0.08,0.3,False,0.008,1.5694351436288112,0.052898031286230836,1.91229675,1.0,1.7385680798488903,2.4375,4.85307612193268,1.6320000000000012,1.2000000000000008,-18.594655247299276,2.3858163520785163,0.8032084738840826,False,False,-5.0727218378873005
left,8.0,0.25,10.0,0.2,-0.1,0.08,0.3,False,0.006,2.3578087905044427,0.3686509279442002,1.91229675,1.0,1.7477190087572114,2.4375,4.919033924717611,1.382000000000001,0.9700000000000008,-35.80196978671231,2.7955588089218852,0.7782254274983942,False,False,-5.758986130767916
right,7.0,0.25,10.0,0.2,-0.1,0.08,0.3,False,0.006,1.5551829978513316,0.030953506904224073,1.91229675,1.0,1.6949183008257858,2.4375,4.868964803463355,1.382000000000001,0.9900000000000008,-18.923814038743203,2.38838439910204,0.7557249123179662,False,False,-6.013448031914233
right,7.0,0.15,10.0,0.2,-0.05,0.08,0.3,False,0.004,1.7921710545989593,0.014106827535310774,1.91229675,1.0,1.6942984353041848,2.4375,4.883691633263704,1.332000000000001,0.9840000000000008,-29.477885683492282,2.369800748333067,0.8514655224579137,False,False,-6.472085200943324
left,8.0,0.15,10.0,0.2,-0.1,0.08,0.3,False,0.016,2.17461195182031,1.9317929580301485,1.91229675,1.0,1.698305629716907,2.4375,4.864264483703656,1.282000000000001,0.7600000000000006,-33.61112318609862,2.773503251490018,0.5999365757188394,False,False,-7.377947928479974
left,8.0,0.25,10.0,0.2,0.0,0.08,0.3,False,0.002,1.646310521849853,0.0,1.91229675,1.0,1.7267115213685953,2.4375,4.956020067434819,1.482000000000001,1.0760000000000007,-17.388392423103948,2.806790302845873,0.8584229985643715,False,False,-7.707378956300294
right,7.0,0.25,10.0,0.2,0.0,0.08,0.3,False,0.002,1.5492465115724414,0.0,1.91229675,1.0,1.7101541499493373,2.4375,4.860141384118499,1.482000000000001,1.0840000000000007,-17.731441484812237,2.4026291084116913,0.7752357364852391,False,False,-7.901506976855117
left,8.0,0.15,10.0,0.2,-0.05,0.08,0.3,False,0.006,2.137552953440369,0.8866172137580722,1.91229675,1.0,1.7461750683869406,2.4375,4.8327982207324744,1.332000000000001,0.9240000000000007,-31.675097461983963,2.774817287781837,0.8783013559721421,False,False,-8.27136294815155
right,7.0,0.15,10.0,0.2,-0.1,0.08,0.3,False,0.008,1.8803032640632433,1.4034253328540625,1.91229675,1.0,1.7288385210956656,2.4375,4.894905373037495,1.282000000000001,0.9360000000000007,-30.016792285383193,2.357709273065994,0.5645690438594657,False,False,-9.853094803289764
left,8.0,0.15,10.0,0.2,0.0,0.08,0.3,False,0.0,0.0,0.0,1.91229675,1.0,1.7197496019502592,2.4375,4.927510050399761,1.382000000000001,1.0060000000000007,,2.802821009076315,0.81197281689563,False,False,-12.0
left,8.0,0.25,10.0,0.2,-0.05,0.08,0.3,False,0.0,0.0,0.0,1.91229675,1.0,1.7274466638957113,2.4375,4.943652458174512,1.432000000000001,1.0280000000000007,,2.8052472423104895,0.9024106482742991,False,False,-12.0
left,8.0,0.4,10.0,0.2,-0.1,0.08,0.3,False,0.0,0.0,0.0,1.91229675,1.0,1.7249396554351877,2.4375,4.953730774106796,1.5320000000000011,1.0840000000000007,,2.8120603826481947,0.841498848039234,False,False,-12.0
left,8.0,0.4,10.0,0.2,-0.05,0.08,0.3,False,0.0,0.0,0.0,1.91229675,1.0,1.7259284782330184,2.4375,4.959766746647984,1.5820000000000012,1.1360000000000008,,2.8092818742478767,0.877834292727989,False,False,-12.0
left,8.0,0.4,10.0,0.2,0.0,0.08,0.3,False,0.0,0.0,0.0,1.91229675,1.0,1.7237233117918755,2.4375,4.948262071875903,1.6320000000000012,1.1860000000000008,,2.8068244765521846,0.8945980058328954,False,False,-12.0
right,7.0,0.15,10.0,0.2,0.0,0.08,0.3,False,0.0,0.0,0.0,1.91229675,1.0,1.711314506346668,2.4375,4.871007925686584,1.382000000000001,1.0100000000000007,,2.4067868719810965,0.7756724170094083,False,False,-12.0
right,7.0,0.25,10.0,0.2,-0.05,0.08,0.3,False,0.0,0.0,0.0,1.91229675,1.0,1.7438586451320945,2.4375,4.874407107555723,1.432000000000001,1.0280000000000007,,2.406943451694436,0.7931567628145988,False,False,-12.0
right,7.0,0.4,10.0,0.2,-0.1,0.08,0.3,False,0.0,0.0,0.0,1.91229675,1.0,1.7436181296930697,2.4375,4.8697914968260845,1.5320000000000011,1.0880000000000007,,2.409931412024764,0.7620376398549612,False,False,-12.0
right,7.0,0.4,10.0,0.2,-0.05,0.08,0.3,False,0.0,0.0,0.0,1.91229675,1.0,1.741070112096357,2.4375,4.8576710957765,1.5820000000000012,1.1460000000000008,,2.404294632290448,0.7901016487072154,False,False,-12.0
left,16.0,0.25,20.0,0.2,-0.1,0.08,0.3,False,0.1400000000000001,19.90669365428606,23.99790601801264,1.91229675,1.0,3.2727879790907837,2.4375,5.40359933600515,1.382000000000001,0.8200000000000006,-67.1306959211918,13.80222711717742,12.558440119372351,False,False,-27.991624072050513
left,16.0,0.25,20.0,0.2,-0.05,0.08,0.3,False,0.1500000000000001,7.950777568457829,6.952678287916669,1.91229675,1.0,3.258562857324776,2.4375,5.239313618316512,1.432000000000001,0.8700000000000007,-68.16667672895574,54.85081739142596,4.841682653909504,False,True,-54.81071315166662
left,16.0,0.4,20.0,0.2,0.0,0.08,0.3,False,0.1240000000000001,6.610989382971222,6.133539678626097,1.91229675,1.0,3.25431467588844,2.4375,5.223543707421379,1.6320000000000012,1.0400000000000007,-67.97941397294409,50.15754366964423,5.377276304720719,False,True,-64.53415871450433
left,16.0,0.4,20.0,0.2,-0.05,0.08,0.3,False,0.1420000000000001,7.384360323520273,5.9499070508367895,1.91229675,1.0,3.2593724406046576,2.4375,5.240747899177692,1.5820000000000012,0.9900000000000008,-68.62091207038682,59.413434210600414,4.754749967389157,True,True,-104.79962820334711
left,16.0,0.15,20.0,0.2,0.0,0.08,0.3,False,0.1480000000000001,7.778211737583987,6.7721333659994185,1.91229675,1.0,3.260906669931635,2.4375,5.244178128879169,1.382000000000001,0.8400000000000006,-69.32110768660424,59.57574630831584,4.247420617326246,True,True,-105.08853346399762
left,16.0,0.25,20.0,0.2,0.0,0.08,0.3,False,0.1360000000000001,6.984481664587622,7.1099693197290765,1.91229675,1.0,3.256127518582519,2.4375,5.2281464537078985,1.482000000000001,0.9200000000000007,-69.15223630142687,59.59928510838023,4.37466842163655,True,True,-112.43987727891627
